n,mean_age,mean_vitd,mean_phq9
1510,51.788079470198674,74.90205298013245,2.325165562913907
