vitd_quartile,n,mean,std
Q1,378,2.558201058201058,3.640772492402022
Q2,377,2.2387267904509285,3.072923355551548
Q3,377,2.222811671087533,3.107679155423692
Q4,378,2.2804232804232805,3.348967587964846
