vitd_cat,weighted_mean_phq9,n
Deficient (<30),3.578427956569637,302.0
Insufficient (30–<50),3.4152126539240792,769.0
Sufficient (≥50),2.936243705854732,2763.0
